-- SUPPLIER
CREATE TABLE SUPPLIER (
    SUPPLIER_CODE INTEGER PRIMARY KEY,
    SUPPLIER_NAME TEXT NOT NULL,
    CITY TEXT NOT NULL
);

INSERT INTO SUPPLIER (SUPPLIER_CODE, SUPPLIER_NAME, CITY)
VALUES
    (1, 'Supplier A', 'VITORIA'),
    (2, 'Supplier B', 'VITORIA'),
    (3, 'Supplier C', 'MANAUS'),
    (4, 'Supplier D', 'RECIFE'),
    (5, 'Supplier E', 'SALVADOR');

-- PART
CREATE TABLE PART (
    PART_CODE INTEGER PRIMARY KEY,
    NAME_PART TEXT NOT NULL,
    PRICE DECIMAL(10,2)
);

INSERT INTO PART (PART_CODE, NAME_PART, PRICE)
VALUES
    (1, 'MOTOR', 1000.00),
    (2, 'MOTOR', 1500.00),
    (3, 'COOLING', 800.00),
    (4, 'ELETRICAL', 200.00),
    (5, 'FILTERS', 1200.00);

-- CAR
CREATE TABLE CAR (
    CAR_CODE INTEGER PRIMARY KEY,
    NAME_CAR TEXT NOT NULL,
    TYPE TEXT NOT NULL
);

INSERT INTO CAR (CAR_CODE, NAME_CAR, TYPE)
VALUES
    (1, 'KOMBI', 'VAN'),
    (2, 'HB20', 'HATCH'),
    (3, 'COROLLA', 'SEDAN'),
    (4, 'AMAROK', 'PICKUP'),
    (5, 'COMPASS', 'SUV');

-- SUPPLY
CREATE TABLE SUPPLY (
    ID INTEGER PRIMAR KEY,
    SUPPLIER_CODE INTEGER,
    PART_CODE INTEGER,
    CAR_CODE INTEGER,
    FOREIGN KEY (SUPPLIER_CODE) REFERENCES SUPPLIER(SUPPLIER_CODE),
    FOREIGN KEY (PART_CODE) REFERENCES PART(PART_CODE),
    FOREIGN KEY (CAR_CODE) REFERENCES CAR(CAR_CODE)
);

INSERT INTO SUPPLY (ID, SUPPLIER_CODE, PART_CODE, CAR_CODE)
VALUES
    (1, 1, 1, 1),
    (2, 2, 2, 1),
    (3, 3, 3, 3),
    (4, 4, 4, 4),
    (5, 5, 5, 5);

-- ANSWER
SELECT
    S.SUPPLIER_NAME AS SUPPLIER,
    P.PRICE
FROM
    SUPPLIER S
INNER JOIN
    SUPPLY SU ON S.SUPPLIER_CODE = SU.SUPPLIER_CODE
INNER JOIN
    PART P ON SU.PART_CODE = P.PART_CODE
INNER JOIN
    CAR C ON SU.CAR_CODE = C.CAR_CODE
WHERE
    S.CITY = 'VITORIA'
    AND P.NAME_PART = 'MOTOR'
    AND C.NAME_CAR = 'KOMBI';

-- you can run at https://www.mycompiler.io/view/8XwuLQzLp53
/*
Output
---------------
Supplier A|1000
Supplier B|1500
*/    